"","zone","AverageYield","StdDev"
"1","Bassin arachidier",432.303575962539,292.741734010776
"2","Casamance",1152.84234136213,71.5298893135147
"3","Senegal oriental",962.320667696629,209.615538723519
